unit,tra_meas,tra_cov,schedule,geography,date,value
PAS,PAS_CRD,TOTAL,TOT,AT,2009,21817267.0
PAS,PAS_CRD,TOTAL,TOT,BE,2009,21316690.0
PAS,PAS_CRD,TOTAL,TOT,BG,2009,5840825.0
PAS,PAS_CRD,TOTAL,TOT,CH,2009,35928169.0
PAS,PAS_CRD,TOTAL,TOT,CY,2009,6729787.0
PAS,PAS_CRD,TOTAL,TOT,CZ,2009,12367467.0
PAS,PAS_CRD,TOTAL,TOT,DE,2009,158148829.0
PAS,PAS_CRD,TOTAL,TOT,DK,2009,22277524.0
PAS,PAS_CRD,TOTAL,TOT,EE,2009,1341294.0
PAS,PAS_CRD,TOTAL,TOT,EL,2009,33440269.0
PAS,PAS_CRD,TOTAL,TOT,ES,2009,148318298.0
PAS,PAS_CRD,TOTAL,TOT,EU27_2007,2009,751855594.0
PAS,PAS_CRD,TOTAL,TOT,EU27_2020,2009,663793636.0
PAS,PAS_CRD,TOTAL,TOT,EU28,2009,753231320.0
PAS,PAS_CRD,TOTAL,TOT,FI,2009,13828812.0
PAS,PAS_CRD,TOTAL,TOT,FR,2009,117636389.0
PAS,PAS_CRD,TOTAL,TOT,HR,2009,4335208.0
PAS,PAS_CRD,TOTAL,TOT,HU,2009,8081067.0
PAS,PAS_CRD,TOTAL,TOT,IE,2009,26268887.0
PAS,PAS_CRD,TOTAL,TOT,IS,2009,1837165.0
PAS,PAS_CRD,TOTAL,TOT,IT,2009,101823772.0
PAS,PAS_CRD,TOTAL,TOT,LT,2009,1867191.0
PAS,PAS_CRD,TOTAL,TOT,LU,2009,1535261.0
PAS,PAS_CRD,TOTAL,TOT,LV,2009,4062704.0
PAS,PAS_CRD,TOTAL,TOT,ME,2009,
PAS,PAS_CRD,TOTAL,TOT,MK,2009,
PAS,PAS_CRD,TOTAL,TOT,MT,2009,2918676.0
PAS,PAS_CRD,TOTAL,TOT,NL,2009,46479327.0
PAS,PAS_CRD,TOTAL,TOT,NO,2009,27675619.0
PAS,PAS_CRD,TOTAL,TOT,PL,2009,17046899.0
PAS,PAS_CRD,TOTAL,TOT,PT,2009,24116313.0
PAS,PAS_CRD,TOTAL,TOT,RO,2009,7984057.0
PAS,PAS_CRD,TOTAL,TOT,RS,2009,
PAS,PAS_CRD,TOTAL,TOT,SE,2009,25218784.0
PAS,PAS_CRD,TOTAL,TOT,SI,2009,1423391.0
PAS,PAS_CRD,TOTAL,TOT,SK,2009,1948361.0
PAS,PAS_CRD,TOTAL,TOT,UK,2009,198533970.0
PAS,PAS_CRD,TOTAL,TOT,AT,2010,23532455.0
PAS,PAS_CRD,TOTAL,TOT,BE,2010,22697764.0
PAS,PAS_CRD,TOTAL,TOT,BG,2010,6169323.0
PAS,PAS_CRD,TOTAL,TOT,CH,2010,37615959.0
PAS,PAS_CRD,TOTAL,TOT,CY,2010,6948288.0
PAS,PAS_CRD,TOTAL,TOT,CZ,2010,12242386.0
PAS,PAS_CRD,TOTAL,TOT,DE,2010,166130833.0
PAS,PAS_CRD,TOTAL,TOT,DK,2010,24334687.0
PAS,PAS_CRD,TOTAL,TOT,EE,2010,1381062.0
PAS,PAS_CRD,TOTAL,TOT,EL,2010,32588072.0
PAS,PAS_CRD,TOTAL,TOT,ES,2010,153387014.0
PAS,PAS_CRD,TOTAL,TOT,EU27_2007,2010,774555432.0
PAS,PAS_CRD,TOTAL,TOT,EU27_2020,2010,687720194.0
PAS,PAS_CRD,TOTAL,TOT,EU28,2010,776047580.0
PAS,PAS_CRD,TOTAL,TOT,FI,2010,14220636.0
PAS,PAS_CRD,TOTAL,TOT,FR,2010,118697207.0
PAS,PAS_CRD,TOTAL,TOT,HR,2010,4677414.0
PAS,PAS_CRD,TOTAL,TOT,HU,2010,8174510.0
PAS,PAS_CRD,TOTAL,TOT,IE,2010,23094210.0
PAS,PAS_CRD,TOTAL,TOT,IS,2010,2036356.0
PAS,PAS_CRD,TOTAL,TOT,IT,2010,109064953.0
PAS,PAS_CRD,TOTAL,TOT,LT,2010,2282834.0
PAS,PAS_CRD,TOTAL,TOT,LU,2010,1613696.0
PAS,PAS_CRD,TOTAL,TOT,LV,2010,4655898.0
PAS,PAS_CRD,TOTAL,TOT,ME,2010,
PAS,PAS_CRD,TOTAL,TOT,MK,2010,
PAS,PAS_CRD,TOTAL,TOT,MT,2010,3293548.0
PAS,PAS_CRD,TOTAL,TOT,NL,2010,48618879.0
PAS,PAS_CRD,TOTAL,TOT,NO,2010,29518449.0
PAS,PAS_CRD,TOTAL,TOT,PL,2010,18383115.0
PAS,PAS_CRD,TOTAL,TOT,PT,2010,25735500.0
PAS,PAS_CRD,TOTAL,TOT,RO,2010,8848949.0
PAS,PAS_CRD,TOTAL,TOT,RS,2010,
PAS,PAS_CRD,TOTAL,TOT,SE,2010,26646764.0
PAS,PAS_CRD,TOTAL,TOT,SI,2010,1382341.0
PAS,PAS_CRD,TOTAL,TOT,SK,2010,1881844.0
PAS,PAS_CRD,TOTAL,TOT,UK,2010,192887734.0
PAS,PAS_CRD,TOTAL,TOT,AT,2011,25137612.0
PAS,PAS_CRD,TOTAL,TOT,BE,2011,25102695.0
PAS,PAS_CRD,TOTAL,TOT,BG,2011,6652007.0
PAS,PAS_CRD,TOTAL,TOT,CH,2011,41439848.0
PAS,PAS_CRD,TOTAL,TOT,CY,2011,7190387.0
PAS,PAS_CRD,TOTAL,TOT,CZ,2011,12650532.0
PAS,PAS_CRD,TOTAL,TOT,DE,2011,175316076.0
PAS,PAS_CRD,TOTAL,TOT,DK,2011,25808321.0
PAS,PAS_CRD,TOTAL,TOT,EE,2011,1907569.0
PAS,PAS_CRD,TOTAL,TOT,EL,2011,33770739.0
PAS,PAS_CRD,TOTAL,TOT,ES,2011,165153230.0
PAS,PAS_CRD,TOTAL,TOT,EU27_2007,2011,818145231.0
PAS,PAS_CRD,TOTAL,TOT,EU27_2020,2011,730656231.0
PAS,PAS_CRD,TOTAL,TOT,EU28,2011,819727379.0
PAS,PAS_CRD,TOTAL,TOT,FI,2011,16374398.0
PAS,PAS_CRD,TOTAL,TOT,FR,2011,126013257.0
PAS,PAS_CRD,TOTAL,TOT,HR,2011,4989236.0
PAS,PAS_CRD,TOTAL,TOT,HU,2011,8884837.0
PAS,PAS_CRD,TOTAL,TOT,IE,2011,23362889.0
PAS,PAS_CRD,TOTAL,TOT,IS,2011,2462894.0
PAS,PAS_CRD,TOTAL,TOT,IT,2011,116226667.0
PAS,PAS_CRD,TOTAL,TOT,LT,2011,2691991.0
PAS,PAS_CRD,TOTAL,TOT,LU,2011,1836780.0
PAS,PAS_CRD,TOTAL,TOT,LV,2011,5098360.0
PAS,PAS_CRD,TOTAL,TOT,ME,2011,
PAS,PAS_CRD,TOTAL,TOT,MK,2011,
PAS,PAS_CRD,TOTAL,TOT,MT,2011,3506814.0
PAS,PAS_CRD,TOTAL,TOT,NL,2011,53895292.0
PAS,PAS_CRD,TOTAL,TOT,NO,2011,32403522.0
PAS,PAS_CRD,TOTAL,TOT,PL,2011,20635672.0
PAS,PAS_CRD,TOTAL,TOT,PT,2011,27579707.0
PAS,PAS_CRD,TOTAL,TOT,RO,2011,9687456.0
PAS,PAS_CRD,TOTAL,TOT,RS,2011,
PAS,PAS_CRD,TOTAL,TOT,SE,2011,29732247.0
PAS,PAS_CRD,TOTAL,TOT,SI,2011,1358792.0
PAS,PAS_CRD,TOTAL,TOT,SK,2011,1808187.0
PAS,PAS_CRD,TOTAL,TOT,UK,2011,201536753.0
PAS,PAS_CRD,TOTAL,TOT,AT,2012,25965977.0
PAS,PAS_CRD,TOTAL,TOT,BE,2012,25919515.0
PAS,PAS_CRD,TOTAL,TOT,BG,2012,6819103.0
PAS,PAS_CRD,TOTAL,TOT,CH,2012,43236086.0
PAS,PAS_CRD,TOTAL,TOT,CY,2012,7328300.0
PAS,PAS_CRD,TOTAL,TOT,CZ,2012,11742352.0
PAS,PAS_CRD,TOTAL,TOT,DE,2012,178591103.0
PAS,PAS_CRD,TOTAL,TOT,DK,2012,26532730.0
PAS,PAS_CRD,TOTAL,TOT,EE,2012,2202427.0
PAS,PAS_CRD,TOTAL,TOT,EL,2012,32082336.0
PAS,PAS_CRD,TOTAL,TOT,ES,2012,159771261.0
PAS,PAS_CRD,TOTAL,TOT,EU27_2007,2012,823049838.0
PAS,PAS_CRD,TOTAL,TOT,EU27_2020,2012,734860381.0
PAS,PAS_CRD,TOTAL,TOT,EU28,2012,824759178.0
PAS,PAS_CRD,TOTAL,TOT,FI,2012,16458815.0
PAS,PAS_CRD,TOTAL,TOT,FR,2012,129764462.0
PAS,PAS_CRD,TOTAL,TOT,HR,2012,5422632.0
PAS,PAS_CRD,TOTAL,TOT,HU,2012,8429843.0
PAS,PAS_CRD,TOTAL,TOT,IE,2012,23594089.0
PAS,PAS_CRD,TOTAL,TOT,IS,2012,2740691.0
PAS,PAS_CRD,TOTAL,TOT,IT,2012,116029388.0
PAS,PAS_CRD,TOTAL,TOT,LT,2012,3166628.0
PAS,PAS_CRD,TOTAL,TOT,LU,2012,1893991.0
PAS,PAS_CRD,TOTAL,TOT,LV,2012,4754530.0
PAS,PAS_CRD,TOTAL,TOT,ME,2012,
PAS,PAS_CRD,TOTAL,TOT,MK,2012,
PAS,PAS_CRD,TOTAL,TOT,MT,2012,3650347.0
PAS,PAS_CRD,TOTAL,TOT,NL,2012,55680209.0
PAS,PAS_CRD,TOTAL,TOT,NO,2012,34592225.0
PAS,PAS_CRD,TOTAL,TOT,PL,2012,21800765.0
PAS,PAS_CRD,TOTAL,TOT,PT,2012,28186254.0
PAS,PAS_CRD,TOTAL,TOT,RO,2012,9674226.0
PAS,PAS_CRD,TOTAL,TOT,RS,2012,
PAS,PAS_CRD,TOTAL,TOT,SE,2012,30350849.0
PAS,PAS_CRD,TOTAL,TOT,SI,2012,1167877.0
PAS,PAS_CRD,TOTAL,TOT,SK,2012,1563197.0
PAS,PAS_CRD,TOTAL,TOT,UK,2012,203067015.0
PAS,PAS_CRD,TOTAL,TOT,AT,2013,25749724.0
PAS,PAS_CRD,TOTAL,TOT,BE,2013,26389927.0
PAS,PAS_CRD,TOTAL,TOT,BG,2013,7079292.0
PAS,PAS_CRD,TOTAL,TOT,CH,2013,44217568.0
PAS,PAS_CRD,TOTAL,TOT,CY,2013,7011437.0
PAS,PAS_CRD,TOTAL,TOT,CZ,2013,11891812.0
PAS,PAS_CRD,TOTAL,TOT,DE,2013,180783188.0
PAS,PAS_CRD,TOTAL,TOT,DK,2013,27459623.0
PAS,PAS_CRD,TOTAL,TOT,EE,2013,1958565.0
PAS,PAS_CRD,TOTAL,TOT,EL,2013,34023934.0
PAS,PAS_CRD,TOTAL,TOT,ES,2013,157731973.0
PAS,PAS_CRD,TOTAL,TOT,EU27_2007,2013,837254556.0
PAS,PAS_CRD,TOTAL,TOT,EU27_2020,2013,746100398.0
PAS,PAS_CRD,TOTAL,TOT,EU28,2013,838920866.0
PAS,PAS_CRD,TOTAL,TOT,FI,2013,16565391.0
PAS,PAS_CRD,TOTAL,TOT,FR,2013,132762875.0
PAS,PAS_CRD,TOTAL,TOT,HR,2013,5722447.0
PAS,PAS_CRD,TOTAL,TOT,HU,2013,8441319.0
PAS,PAS_CRD,TOTAL,TOT,IE,2013,24603640.0
PAS,PAS_CRD,TOTAL,TOT,IS,2013,3199266.0
PAS,PAS_CRD,TOTAL,TOT,IT,2013,115279105.0
PAS,PAS_CRD,TOTAL,TOT,LT,2013,3482358.0
PAS,PAS_CRD,TOTAL,TOT,LU,2013,2169327.0
PAS,PAS_CRD,TOTAL,TOT,LV,2013,4782257.0
PAS,PAS_CRD,TOTAL,TOT,ME,2013,
PAS,PAS_CRD,TOTAL,TOT,MK,2013,
PAS,PAS_CRD,TOTAL,TOT,MT,2013,4032029.0
PAS,PAS_CRD,TOTAL,TOT,NL,2013,58077271.0
PAS,PAS_CRD,TOTAL,TOT,NO,2013,36686364.0
PAS,PAS_CRD,TOTAL,TOT,PL,2013,23274484.0
PAS,PAS_CRD,TOTAL,TOT,PT,2013,29694146.0
PAS,PAS_CRD,TOTAL,TOT,RO,2013,10016933.0
PAS,PAS_CRD,TOTAL,TOT,RS,2013,
PAS,PAS_CRD,TOTAL,TOT,SE,2013,31443225.0
PAS,PAS_CRD,TOTAL,TOT,SI,2013,1265766.0
PAS,PAS_CRD,TOTAL,TOT,SK,2013,1557149.0
PAS,PAS_CRD,TOTAL,TOT,UK,2013,210468980.0
PAS,PAS_CRD,TOTAL,TOT,AT,2014,26378676.0
PAS,PAS_CRD,TOTAL,TOT,BE,2014,28776258.0
PAS,PAS_CRD,TOTAL,TOT,BG,2014,7520697.0
PAS,PAS_CRD,TOTAL,TOT,CH,2014,46127426.0
PAS,PAS_CRD,TOTAL,TOT,CY,2014,7328546.0
PAS,PAS_CRD,TOTAL,TOT,CZ,2014,12079873.0
PAS,PAS_CRD,TOTAL,TOT,DE,2014,186445814.0
PAS,PAS_CRD,TOTAL,TOT,DK,2014,29015133.0
PAS,PAS_CRD,TOTAL,TOT,EE,2014,2019806.0
PAS,PAS_CRD,TOTAL,TOT,EL,2014,39117833.0
PAS,PAS_CRD,TOTAL,TOT,ES,2014,165354382.0
PAS,PAS_CRD,TOTAL,TOT,EU27_2007,2014,875108116.0
PAS,PAS_CRD,TOTAL,TOT,EU27_2020,2014,781202599.0
PAS,PAS_CRD,TOTAL,TOT,EU28,2014,876859730.0
PAS,PAS_CRD,TOTAL,TOT,FI,2014,17171931.0
PAS,PAS_CRD,TOTAL,TOT,FR,2014,136360671.0
PAS,PAS_CRD,TOTAL,TOT,HR,2014,6140797.0
PAS,PAS_CRD,TOTAL,TOT,HU,2014,9054848.0
PAS,PAS_CRD,TOTAL,TOT,IE,2014,26310826.0
PAS,PAS_CRD,TOTAL,TOT,IS,2014,3853614.0
PAS,PAS_CRD,TOTAL,TOT,IT,2014,121164587.0
PAS,PAS_CRD,TOTAL,TOT,LT,2014,3798110.0
PAS,PAS_CRD,TOTAL,TOT,LU,2014,2433966.0
PAS,PAS_CRD,TOTAL,TOT,LV,2014,4802282.0
PAS,PAS_CRD,TOTAL,TOT,ME,2014,
PAS,PAS_CRD,TOTAL,TOT,MK,2014,
PAS,PAS_CRD,TOTAL,TOT,MT,2014,4290032.0
PAS,PAS_CRD,TOTAL,TOT,NL,2014,60963003.0
PAS,PAS_CRD,TOTAL,TOT,NO,2014,37603195.0
PAS,PAS_CRD,TOTAL,TOT,PL,2014,25714422.0
PAS,PAS_CRD,TOTAL,TOT,PT,2014,32560621.0
PAS,PAS_CRD,TOTAL,TOT,RO,2014,10907487.0
PAS,PAS_CRD,TOTAL,TOT,RS,2014,
PAS,PAS_CRD,TOTAL,TOT,SE,2014,32766043.0
PAS,PAS_CRD,TOTAL,TOT,SI,2014,1307128.0
PAS,PAS_CRD,TOTAL,TOT,SK,2014,1671290.0
PAS,PAS_CRD,TOTAL,TOT,UK,2014,220022122.0
PAS,PAS_CRD,TOTAL,TOT,AT,2015,26754007.0
PAS,PAS_CRD,TOTAL,TOT,BE,2015,30958841.0
PAS,PAS_CRD,TOTAL,TOT,BG,2015,7610949.0
PAS,PAS_CRD,TOTAL,TOT,CH,2015,48026375.0
PAS,PAS_CRD,TOTAL,TOT,CY,2015,7590787.0
PAS,PAS_CRD,TOTAL,TOT,CZ,2015,12672004.0
PAS,PAS_CRD,TOTAL,TOT,DE,2015,193936430.0
PAS,PAS_CRD,TOTAL,TOT,DK,2015,30095505.0
PAS,PAS_CRD,TOTAL,TOT,EE,2015,2160978.0
PAS,PAS_CRD,TOTAL,TOT,EL,2015,42096402.0
PAS,PAS_CRD,TOTAL,TOT,ES,2015,174652503.0
PAS,PAS_CRD,TOTAL,TOT,EU27_2007,2015,916483716.0
PAS,PAS_CRD,TOTAL,TOT,EU27_2020,2015,819736983.0
PAS,PAS_CRD,TOTAL,TOT,EU28,2015,918249055.0
PAS,PAS_CRD,TOTAL,TOT,FI,2015,17479246.0
PAS,PAS_CRD,TOTAL,TOT,FR,2015,140867569.0
PAS,PAS_CRD,TOTAL,TOT,HR,2015,6571698.0
PAS,PAS_CRD,TOTAL,TOT,HU,2015,10228352.0
PAS,PAS_CRD,TOTAL,TOT,IE,2015,29545020.0
PAS,PAS_CRD,TOTAL,TOT,IS,2015,4847288.0
PAS,PAS_CRD,TOTAL,TOT,IT,2015,127665221.0
PAS,PAS_CRD,TOTAL,TOT,LT,2015,4227389.0
PAS,PAS_CRD,TOTAL,TOT,LU,2015,2651751.0
PAS,PAS_CRD,TOTAL,TOT,LV,2015,5145856.0
PAS,PAS_CRD,TOTAL,TOT,ME,2015,
PAS,PAS_CRD,TOTAL,TOT,MK,2015,1452373.0
PAS,PAS_CRD,TOTAL,TOT,MT,2015,4619557.0
PAS,PAS_CRD,TOTAL,TOT,NL,2015,64570938.0
PAS,PAS_CRD,TOTAL,TOT,NO,2015,37503052.0
PAS,PAS_CRD,TOTAL,TOT,PL,2015,28907439.0
PAS,PAS_CRD,TOTAL,TOT,PT,2015,36005814.0
PAS,PAS_CRD,TOTAL,TOT,RO,2015,12580711.0
PAS,PAS_CRD,TOTAL,TOT,RS,2015,
PAS,PAS_CRD,TOTAL,TOT,SE,2015,34011263.0
PAS,PAS_CRD,TOTAL,TOT,SI,2015,1436003.0
PAS,PAS_CRD,TOTAL,TOT,SK,2015,1943656.0
PAS,PAS_CRD,TOTAL,TOT,UK,2015,232270437.0
PAS,PAS_CRD,TOTAL,TOT,AT,2016,27181511.0
PAS,PAS_CRD,TOTAL,TOT,BE,2016,30115832.0
PAS,PAS_CRD,TOTAL,TOT,BG,2016,9324217.0
PAS,PAS_CRD,TOTAL,TOT,CH,2016,50505492.0
PAS,PAS_CRD,TOTAL,TOT,CY,2016,8961817.0
PAS,PAS_CRD,TOTAL,TOT,CZ,2016,13672362.0
PAS,PAS_CRD,TOTAL,TOT,DE,2016,200687293.0
PAS,PAS_CRD,TOTAL,TOT,DK,2016,32763142.0
PAS,PAS_CRD,TOTAL,TOT,EE,2016,2214989.0
PAS,PAS_CRD,TOTAL,TOT,EL,2016,45543371.0
PAS,PAS_CRD,TOTAL,TOT,ES,2016,193872037.0
PAS,PAS_CRD,TOTAL,TOT,EU27_2007,2016,970534207.0
PAS,PAS_CRD,TOTAL,TOT,EU27_2020,2016,871695782.0
PAS,PAS_CRD,TOTAL,TOT,EU28,2016,972532157.0
PAS,PAS_CRD,TOTAL,TOT,FI,2016,18099954.0
PAS,PAS_CRD,TOTAL,TOT,FR,2016,145280602.0
PAS,PAS_CRD,TOTAL,TOT,HR,2016,7475463.0
PAS,PAS_CRD,TOTAL,TOT,HU,2016,11660366.0
PAS,PAS_CRD,TOTAL,TOT,IE,2016,32595709.0
PAS,PAS_CRD,TOTAL,TOT,IS,2016,6801814.0
PAS,PAS_CRD,TOTAL,TOT,IT,2016,134477781.0
PAS,PAS_CRD,TOTAL,TOT,LT,2016,4787561.0
PAS,PAS_CRD,TOTAL,TOT,LU,2016,2984242.0
PAS,PAS_CRD,TOTAL,TOT,LV,2016,5384160.0
PAS,PAS_CRD,TOTAL,TOT,ME,2016,1845464.0
PAS,PAS_CRD,TOTAL,TOT,MK,2016,1649374.0
PAS,PAS_CRD,TOTAL,TOT,MT,2016,5080446.0
PAS,PAS_CRD,TOTAL,TOT,NL,2016,70317995.0
PAS,PAS_CRD,TOTAL,TOT,NO,2016,37727546.0
PAS,PAS_CRD,TOTAL,TOT,PL,2016,32266861.0
PAS,PAS_CRD,TOTAL,TOT,PT,2016,40930044.0
PAS,PAS_CRD,TOTAL,TOT,RO,2016,15153719.0
PAS,PAS_CRD,TOTAL,TOT,RS,2016,4414858.0
PAS,PAS_CRD,TOTAL,TOT,SE,2016,35952558.0
PAS,PAS_CRD,TOTAL,TOT,SI,2016,1404152.0
PAS,PAS_CRD,TOTAL,TOT,SK,2016,2158261.0
PAS,PAS_CRD,TOTAL,TOT,UK,2016,248868873.0
PAS,PAS_CRD,TOTAL,TOT,AT,2017,28327279.0
PAS,PAS_CRD,TOTAL,TOT,BE,2017,33260493.0
PAS,PAS_CRD,TOTAL,TOT,BG,2017,11092651.0
PAS,PAS_CRD,TOTAL,TOT,CH,2017,53564943.0
PAS,PAS_CRD,TOTAL,TOT,CY,2017,10238913.0
PAS,PAS_CRD,TOTAL,TOT,CZ,2017,16245554.0
PAS,PAS_CRD,TOTAL,TOT,DE,2017,212389343.0
PAS,PAS_CRD,TOTAL,TOT,DK,2017,33261214.0
PAS,PAS_CRD,TOTAL,TOT,EE,2017,2635145.0
PAS,PAS_CRD,TOTAL,TOT,EL,2017,50170728.0
PAS,PAS_CRD,TOTAL,TOT,ES,2017,209824089.0
PAS,PAS_CRD,TOTAL,TOT,EU27_2007,2017,1040803424.0
PAS,PAS_CRD,TOTAL,TOT,EU27_2020,2017,938854476.0
PAS,PAS_CRD,TOTAL,TOT,EU28,2017,1043072331.0
PAS,PAS_CRD,TOTAL,TOT,FI,2017,20054947.0
PAS,PAS_CRD,TOTAL,TOT,FR,2017,154096485.0
PAS,PAS_CRD,TOTAL,TOT,HR,2017,8843053.0
PAS,PAS_CRD,TOTAL,TOT,HU,2017,13350029.0
PAS,PAS_CRD,TOTAL,TOT,IE,2017,34271771.0
PAS,PAS_CRD,TOTAL,TOT,IS,2017,8318734.0
PAS,PAS_CRD,TOTAL,TOT,IT,2017,144306325.0
PAS,PAS_CRD,TOTAL,TOT,LT,2017,5246101.0
PAS,PAS_CRD,TOTAL,TOT,LU,2017,3554730.0
PAS,PAS_CRD,TOTAL,TOT,LV,2017,6077854.0
PAS,PAS_CRD,TOTAL,TOT,ME,2017,2173494.0
PAS,PAS_CRD,TOTAL,TOT,MK,2017,1861282.0
PAS,PAS_CRD,TOTAL,TOT,MT,2017,6007731.0
PAS,PAS_CRD,TOTAL,TOT,NL,2017,76240304.0
PAS,PAS_CRD,TOTAL,TOT,NO,2017,38739778.0
PAS,PAS_CRD,TOTAL,TOT,PL,2017,37684668.0
PAS,PAS_CRD,TOTAL,TOT,PT,2017,47673057.0
PAS,PAS_CRD,TOTAL,TOT,RO,2017,17934774.0
PAS,PAS_CRD,TOTAL,TOT,RS,2017,4828171.0
PAS,PAS_CRD,TOTAL,TOT,SE,2017,38456207.0
PAS,PAS_CRD,TOTAL,TOT,SI,2017,1682133.0
PAS,PAS_CRD,TOTAL,TOT,SK,2017,2402651.0
PAS,PAS_CRD,TOTAL,TOT,UK,2017,264629454.0
PAS,PAS_CRD,TOTAL,TOT,AT,2018,31138417.0
PAS,PAS_CRD,TOTAL,TOT,BE,2018,34506309.0
PAS,PAS_CRD,TOTAL,TOT,BG,2018,12137714.0
PAS,PAS_CRD,TOTAL,TOT,CH,2018,56139549.0
PAS,PAS_CRD,TOTAL,TOT,CY,2018,10927101.0
PAS,PAS_CRD,TOTAL,TOT,CZ,2018,17838221.0
PAS,PAS_CRD,TOTAL,TOT,DE,2018,222422361.0
PAS,PAS_CRD,TOTAL,TOT,DK,2018,34701139.0
PAS,PAS_CRD,TOTAL,TOT,EE,2018,2995528.0
PAS,PAS_CRD,TOTAL,TOT,EL,2018,54258826.0
PAS,PAS_CRD,TOTAL,TOT,ES,2018,220611429.0
PAS,PAS_CRD,TOTAL,TOT,EU27_2007,2018,1103387059.0
PAS,PAS_CRD,TOTAL,TOT,EU27_2020,2018,996295411.0
PAS,PAS_CRD,TOTAL,TOT,EU28,2018,1105945842.0
PAS,PAS_CRD,TOTAL,TOT,FI,2018,22173530.0
PAS,PAS_CRD,TOTAL,TOT,FR,2018,161991179.0
PAS,PAS_CRD,TOTAL,TOT,HR,2018,9731294.0
PAS,PAS_CRD,TOTAL,TOT,HU,2018,15176493.0
PAS,PAS_CRD,TOTAL,TOT,IE,2018,36345005.0
PAS,PAS_CRD,TOTAL,TOT,IS,2018,10166386.0
PAS,PAS_CRD,TOTAL,TOT,IT,2018,153352444.0
PAS,PAS_CRD,TOTAL,TOT,LT,2018,6254178.0
PAS,PAS_CRD,TOTAL,TOT,LU,2018,3988804.0
PAS,PAS_CRD,TOTAL,TOT,LV,2018,7037070.0
PAS,PAS_CRD,TOTAL,TOT,ME,2018,2440486.0
PAS,PAS_CRD,TOTAL,TOT,MK,2018,2152746.0
PAS,PAS_CRD,TOTAL,TOT,MT,2018,6805817.0
PAS,PAS_CRD,TOTAL,TOT,NL,2018,79644163.0
PAS,PAS_CRD,TOTAL,TOT,NO,2018,40030105.0
PAS,PAS_CRD,TOTAL,TOT,PL,2018,43767548.0
PAS,PAS_CRD,TOTAL,TOT,PT,2018,51018598.0
PAS,PAS_CRD,TOTAL,TOT,RO,2018,19809642.0
PAS,PAS_CRD,TOTAL,TOT,RS,2018,5521250.0
PAS,PAS_CRD,TOTAL,TOT,SE,2018,38945096.0
PAS,PAS_CRD,TOTAL,TOT,SI,2018,1810567.0
PAS,PAS_CRD,TOTAL,TOT,SK,2018,2794094.0
PAS,PAS_CRD,TOTAL,TOT,UK,2018,272190155.0
PAS,PAS_CRD,TOTAL,TOT,AT,2019,35644188.0
PAS,PAS_CRD,TOTAL,TOT,BE,2019,35385188.0
PAS,PAS_CRD,TOTAL,TOT,BG,2019,11713068.0
PAS,PAS_CRD,TOTAL,TOT,CH,2019,57194328.0
PAS,PAS_CRD,TOTAL,TOT,CY,2019,11261410.0
PAS,PAS_CRD,TOTAL,TOT,CZ,2019,18832696.0
PAS,PAS_CRD,TOTAL,TOT,DE,2019,226764086.0
PAS,PAS_CRD,TOTAL,TOT,DK,2019,34780127.0
PAS,PAS_CRD,TOTAL,TOT,EE,2019,3258003.0
PAS,PAS_CRD,TOTAL,TOT,EL,2019,56088527.0
PAS,PAS_CRD,TOTAL,TOT,ES,2019,227189012.0
PAS,PAS_CRD,TOTAL,TOT,EU27_2007,2019,1143737050.0
PAS,PAS_CRD,TOTAL,TOT,EU27_2020,2019,1034179773.0
PAS,PAS_CRD,TOTAL,TOT,EU28,2019,1146442417.0
PAS,PAS_CRD,TOTAL,TOT,FI,2019,23287929.0
PAS,PAS_CRD,TOTAL,TOT,FR,2019,168729932.0
PAS,PAS_CRD,TOTAL,TOT,HR,2019,10623239.0
PAS,PAS_CRD,TOTAL,TOT,HU,2019,16700750.0
PAS,PAS_CRD,TOTAL,TOT,IE,2019,37947510.0
PAS,PAS_CRD,TOTAL,TOT,IS,2019,7584197.0
PAS,PAS_CRD,TOTAL,TOT,IT,2019,160667939.0
PAS,PAS_CRD,TOTAL,TOT,LT,2019,6504685.0
PAS,PAS_CRD,TOTAL,TOT,LU,2019,4365569.0
PAS,PAS_CRD,TOTAL,TOT,LV,2019,7785726.0
PAS,PAS_CRD,TOTAL,TOT,ME,2019,2652801.0
PAS,PAS_CRD,TOTAL,TOT,MK,2019,2353327.0
PAS,PAS_CRD,TOTAL,TOT,MT,2019,7318357.0
PAS,PAS_CRD,TOTAL,TOT,NL,2019,81192507.0
PAS,PAS_CRD,TOTAL,TOT,NO,2019,40348437.0
PAS,PAS_CRD,TOTAL,TOT,PL,2019,46942771.0
PAS,PAS_CRD,TOTAL,TOT,PT,2019,55007894.0
PAS,PAS_CRD,TOTAL,TOT,RO,2019,21546204.0
PAS,PAS_CRD,TOTAL,TOT,RS,2019,6450643.0
PAS,PAS_CRD,TOTAL,TOT,SE,2019,37614259.0
PAS,PAS_CRD,TOTAL,TOT,SI,2019,1719039.0
PAS,PAS_CRD,TOTAL,TOT,SK,2019,2839787.0
PAS,PAS_CRD,TOTAL,TOT,UK,2019,277432380.0
PAS,PAS_CRD,TOTAL,TOT,AT,2020,9168431.0
PAS,PAS_CRD,TOTAL,TOT,BE,2020,9465828.0
PAS,PAS_CRD,TOTAL,TOT,BG,2020,3729017.0
PAS,PAS_CRD,TOTAL,TOT,CH,2020,15999659.0
PAS,PAS_CRD,TOTAL,TOT,CY,2020,2270577.0
PAS,PAS_CRD,TOTAL,TOT,CZ,2020,3821372.0
PAS,PAS_CRD,TOTAL,TOT,DE,2020,57795978.0
PAS,PAS_CRD,TOTAL,TOT,DK,2020,8656986.0
PAS,PAS_CRD,TOTAL,TOT,EE,2020,857803.0
PAS,PAS_CRD,TOTAL,TOT,EL,2020,17341179.0
PAS,PAS_CRD,TOTAL,TOT,ES,2020,57593408.0
PAS,PAS_CRD,TOTAL,TOT,EU27_2007,2020,
PAS,PAS_CRD,TOTAL,TOT,EU27_2020,2020,
PAS,PAS_CRD,TOTAL,TOT,EU28,2020,
PAS,PAS_CRD,TOTAL,TOT,FI,2020,5428622.0
PAS,PAS_CRD,TOTAL,TOT,FR,2020,50770772.0
PAS,PAS_CRD,TOTAL,TOT,HR,2020,1919100.0
PAS,PAS_CRD,TOTAL,TOT,HU,2020,3962687.0
PAS,PAS_CRD,TOTAL,TOT,IE,2020,8091468.0
PAS,PAS_CRD,TOTAL,TOT,IS,2020,1527469.0
PAS,PAS_CRD,TOTAL,TOT,IT,2020,34962140.0
PAS,PAS_CRD,TOTAL,TOT,LT,2020,1804500.0
PAS,PAS_CRD,TOTAL,TOT,LU,2020,1426310.0
PAS,PAS_CRD,TOTAL,TOT,LV,2020,1995133.0
PAS,PAS_CRD,TOTAL,TOT,ME,2020,521959.0
PAS,PAS_CRD,TOTAL,TOT,MK,2020,709241.0
PAS,PAS_CRD,TOTAL,TOT,MT,2020,1752445.0
PAS,PAS_CRD,TOTAL,TOT,NL,2020,23594783.0
PAS,PAS_CRD,TOTAL,TOT,NO,2020,13216883.0
PAS,PAS_CRD,TOTAL,TOT,PL,2020,
PAS,PAS_CRD,TOTAL,TOT,PT,2020,16548993.0
PAS,PAS_CRD,TOTAL,TOT,RO,2020,6650110.0
PAS,PAS_CRD,TOTAL,TOT,RS,2020,1938466.0
PAS,PAS_CRD,TOTAL,TOT,SE,2020,9330590.0
PAS,PAS_CRD,TOTAL,TOT,SI,2020,287787.0
PAS,PAS_CRD,TOTAL,TOT,SK,2020,500604.0
PAS,PAS_CRD,TOTAL,TOT,UK,2020,
